"name","app_store_genre","play_store_genre","play_review_count","play_install_count","app_review_count","est_app_install_count","lifespan_years","app_install_count_per_year","play_install_count_per_year","total_revenue_per_year"
"NHL","Sports","Sports",68935,5000000,15554,1128164,8.5,132725,588235,52000
"Citi Mobile®","Finance","Finance",78306,5000000,48822,3117386,8.5,366751,588235,52000
"Tinder","Lifestyle","Lifestyle",2789775,100000000,143040,5127295,8.5,603211,11764706,52000
"DB Navigator","Travel","Maps & Navigation",119685,10000000,512,42779,8.5,5033,1176471,52000
"Endless Ducker","Games","Arcade",8193,500000,639,38997,9.5,4105,52632,51579
"Farming Simulator 14","Games","Simulation;Action & Adventure",530854,10000000,3615,68098,9.5,7168,1052632,51579
"Angry Birds Space HD","Games","Arcade",43645,5000000,39502,4525375,9.5,476355,526316,51579
"Farming Simulator 14","Games","Simulation;Action & Adventure",530904,10000000,3615,68091,9.5,7167,1052632,51579
"Mad Skills Motocross","Games","Racing",32522,1000000,9341,287221,9.5,30234,105263,51579
"Microsoft PowerPoint","Productivity","Productivity",618796,100000000,10939,1767788,9.5,186083,10526316,51579
"Microsoft PowerPoint","Productivity","Productivity",618798,100000000,10939,1767782,9.5,186082,10526316,51579
"Tiny Archers","Games","Action",80678,5000000,568,35202,9.5,3705,526316,51579
"Snapseed","Photo & Video","Photography",823109,50000000,8683,527451,9.5,55521,5263158,51579
"USAA Mobile","Finance","Finance",100997,5000000,19946,987455,9.5,103943,526316,51579
"WWE","Entertainment","Entertainment",736824,10000000,7553,102508,9.5,10790,1052632,51579
"WWE","Entertainment","Entertainment",736864,10000000,7553,102502,9.5,10790,1052632,51579
"DIRECTV","Entertainment","Entertainment",235486,10000000,81006,3439950,8.6,399994,1162791,51395
"Geocaching®","Navigation","Health & Fitness",62616,5000000,12811,1022981,8.6,118951,581395,51395
"Facebook","Social Networking","Social",78158306,1000000000,2974676,38059627,8.6,4425538,116279070,51395
"Facebook","Social Networking","Social",78128208,1000000000,2974676,38074289,8.6,4427243,116279070,51395
"Edmodo","Education","Education",200214,10000000,7197,359465,8.6,41798,1162791,51395
"Edmodo","Education","Education",200058,10000000,7197,359746,8.6,41831,1162791,51395
"NBC News","News","News & Magazines",63020,5000000,32881,2608775,8.6,303346,581395,51395
"YouNow: Live Stream Video Chat","Social Networking","Social",309872,10000000,12079,389806,8.6,45326,1162791,51395
"USA TODAY","News","News & Magazines",49259,5000000,61724,6265251,8.6,728518,581395,51395
"Timehop","Social Networking","Social",161610,5000000,49510,1531774,8.6,178113,581395,51395
"Geometry Dash Lite","Games","Arcade",6181640,100000000,370370,5991452,10.5,570614,9523810,51238
"Angry Birds 2","Games","Casual",3881752,100000000,109104,2810690,9.6,292780,10416667,51042
"Tomb of the Mask","Games","Action",55380,5000000,8054,727158,9.6,75746,520833,51042
"My Emma :)","Games","Casual",245839,10000000,8412,342175,9.6,35643,1041667,51042
"Fandango Movies - Times + Tickets","Entertainment","Entertainment",243747,10000000,291787,11970896,9.6,1246968,1041667,51042
"Angry Birds 2","Games","Casual",3883589,100000000,109104,2809360,9.6,292642,10416667,51042
"Univision Deportes: Liga MX, MLS, Fútbol En Vivo","Sports","Sports",75566,5000000,16683,1103869,8.7,126881,574713,50805
"LinkedIn","Social Networking","Social",1225339,100000000,71856,5864173,8.7,674043,11494253,50805
"LinkedIn","Social Networking","Social",1225367,100000000,71856,5864039,8.7,674027,11494253,50805
"Just Dance Now","Games","Music",794058,10000000,2535,31925,8.7,3670,1149425,50805
"Kids A-Z","Education","Education;Education",26426,1000000,2887,109248,8.7,12557,114943,50805
"Nick","Entertainment","Entertainment;Music & Video",123279,10000000,13237,1073743,8.7,123419,1149425,50805
"Nick","Entertainment","Entertainment;Music & Video",123309,10000000,13237,1073482,8.7,123389,1149425,50805
"Nick","Entertainment","Entertainment;Music & Video",123322,10000000,13237,1073369,8.7,123376,1149425,50805
"PBS KIDS Video","Education","Education;Music & Video",36212,5000000,8651,1194494,8.7,137298,574713,50805
"PBS KIDS Video","Education","Education;Music & Video",36214,5000000,8651,1194428,8.7,137291,574713,50805
"Talking Ginger 2","Entertainment","Entertainment",702975,50000000,8311,591131,9.7,60941,5154639,50515
"aa","Games","Strategy",886418,50000000,158845,8959938,9.7,923705,5154639,50515
"Agar.io","Games","Action",3815614,100000000,176514,4626097,9.7,476917,10309278,50515
"Agar.io","Games","Action",3816799,100000000,176514,4624661,9.7,476769,10309278,50515
"Deck Heroes: Legacy","Games","Card",466495,10000000,494,10590,9.7,1092,1030928,50515
"Dubsmash","Entertainment","Video Players & Editors",1971777,100000000,20243,1026637,9.7,105839,10309278,50515
"WeChat","Social Networking","Communication",5387333,100000000,34584,641950,9.7,66180,10309278,50515
"WeChat","Social Networking","Communication",5387446,100000000,34584,641937,9.7,66179,10309278,50515
"WeChat","Social Networking","Communication",5387631,100000000,34584,641915,9.7,66177,10309278,50515
"The Guardian","News","News & Magazines",247992,5000000,8176,164844,10.7,15406,467290,50280
"ASOS","Shopping","Shopping",181798,10000000,9725,534934,10.7,49994,934579,50280
"ASOS","Shopping","Shopping",181823,10000000,9725,534861,10.7,49987,934579,50280
"Domino's Pizza USA","Food & Drink","Food & Drink",1032935,10000000,258624,2503778,10.7,233998,934579,50280
"Egg, Inc.","Games","Simulation",580160,5000000,79074,681484,10.7,63690,467290,50280
"Google Earth","Travel","Travel & Local",2339098,100000000,446185,19075088,8.8,2167624,11363636,50227
"Google Earth","Travel","Travel & Local",2338655,100000000,446185,19078701,8.8,2168034,11363636,50227
"Twitter","News","News & Magazines",11657972,500000000,354058,15185231,8.8,1725594,56818182,50227
"Chick-fil-A","Food & Drink","Food & Drink",28008,5000000,5665,1011318,8.8,114923,568182,50227
"Chick-fil-A","Food & Drink","Food & Drink",27931,5000000,5665,1014106,8.8,115239,568182,50227
"Twitter","News","News & Magazines",11667403,500000000,354058,15172957,8.8,1724200,56818182,50227
"Chick-fil-A","Food & Drink","Food & Drink",28009,5000000,5665,1011282,8.8,114918,568182,50227
"STARZ","Entertainment","Entertainment",88185,10000000,8971,1017293,8.8,115601,1136364,50227
"Premier League - Official App","Sports","Sports",63782,5000000,791,62008,8.8,7046,568182,50227
"Premier League - Official App","Sports","Sports",63580,5000000,791,62205,8.8,7069,568182,50227
"Ingress","Games","Adventure",391325,10000000,2739,69993,8.8,7954,1136364,50227
"Fruit Ninja®","Games","Arcade",5091448,100000000,327025,6423025,9.8,655411,10204082,50000
"GMX Mail","Productivity","Communication",258556,10000000,102,3945,9.8,403,1020408,50000
"Google Docs","Productivity","Productivity",815974,100000000,64259,7875128,9.8,803584,10204082,50000
"Google Docs","Productivity","Productivity",815981,100000000,64259,7875061,9.8,803578,10204082,50000
"Google Sheets","Productivity","Productivity",496397,100000000,24602,4956114,9.8,505726,10204082,50000
"Google Sheets","Productivity","Productivity",496399,100000000,24602,4956094,9.8,505724,10204082,50000
"Flow Free","Games","Puzzle",1295625,100000000,373857,28855340,9.8,2944422,10204082,50000
"Flow Free","Games","Puzzle",1295606,100000000,373857,28855763,9.8,2944466,10204082,50000
"Flow Free","Games","Puzzle",1295557,100000000,373857,28856855,9.8,2944577,10204082,50000
"Flow Free","Games","Puzzle",1295293,100000000,373857,28862736,9.8,2945177,10204082,50000
"Episode - Choose Your Story","Games","Simulation",1842381,50000000,155903,4231020,9.8,431737,5102041,50000
"Episode - Choose Your Story","Games","Simulation",1841061,50000000,155903,4234053,9.8,432046,5102041,50000
"Doodle Jump","Games","Arcade",1083571,50000000,395261,18238814,9.8,1861103,5102041,50000
"Super Jabber Jump","Games","Arcade",85882,10000000,612,71261,9.8,7272,1020408,50000
"Summoners War","Games","Role Playing",2045554,50000000,137122,3351708,9.8,342011,5102041,50000
"Star Chart","Education","Education;Education",128808,10000000,13482,1046674,9.8,106803,1020408,50000
"Smashy Road: Arena","Games","Action",45558,5000000,3207,351969,9.8,35915,510204,50000
"Kim Kardashian: Hollywood","Games","Adventure",1017408,10000000,397730,3909248,9.8,398903,1020408,50000
"MARVEL Contest of Champions","Games","Action",2468063,50000000,233599,4732436,9.8,482902,5102041,50000
"MARVEL Contest of Champions","Games","Action",2468915,50000000,233599,4730803,9.8,482735,5102041,50000
"PAC-MAN Pop","Games","Puzzle;Action & Adventure",24877,5000000,1000,200989,9.8,20509,510204,50000
"Photo Editor-","Photo & Video","Photography",68070,5000000,9095,668062,9.8,68170,510204,50000
"Photo Editor-","Photo & Video","Photography",68071,5000000,9095,668052,9.8,68169,510204,50000
"Pineapple Pen","Games","Arcade",157264,10000000,6430,408867,9.8,41721,1020408,50000
"Pou","Games","Casual",10483141,500000000,3783,180433,9.8,18412,51020408,50000
"Frozen Free Fall","Games","Puzzle;Action & Adventure",1574197,50000000,50593,1606946,9.8,163974,5102041,50000
"Pou","Games","Casual",10485308,500000000,3783,180395,9.8,18408,51020408,50000
"Pou","Games","Casual",10485334,500000000,3783,180395,9.8,18408,51020408,50000
"Pou","Games","Casual",10486018,500000000,3783,180383,9.8,18406,51020408,50000
"Bad Piggies","Games","Puzzle",1168959,50000000,26259,1123179,9.8,114610,5102041,50000
"ZARA","Shopping","Lifestyle",95904,10000000,2731,284764,9.8,29058,1020408,50000
"Xbox","Entertainment","Entertainment",556659,10000000,72187,1296790,9.8,132326,1020408,50000
"Wishbone - Compare Anything","Social Networking","Social",51569,1000000,20649,400415,9.8,40859,102041,50000
"WGT Golf Game by Topgolf","Games","Sports",148083,10000000,53285,3598320,9.8,367176,1020408,50000
"Verizon Cloud","Productivity","Productivity",185632,50000000,6482,1745927,9.8,178156,5102041,50000
"The Sims™ FreePlay","Games","Simulation",931595,10000000,446880,4796934,9.8,489483,1020408,50000
"The Sims™ FreePlay","Games","Simulation",931503,10000000,446880,4797408,9.8,489531,1020408,50000
"Temple Run 2","Games","Action",8119154,500000000,295211,18179911,9.8,1855093,51020408,50000
"Temple Run 2","Games","Action",8119151,500000000,295211,18179918,9.8,1855094,51020408,50000
"Temple Run 2","Games","Action",8118937,500000000,295211,18180397,9.8,1855143,51020408,50000
"Temple Run 2","Games","Action",8118609,500000000,295211,18181132,9.8,1855218,51020408,50000
"Temple Run 2","Games","Action",8116142,500000000,295211,18186658,9.8,1855781,51020408,50000
"Temple Run","Games","Arcade",4000433,100000000,1724546,43108983,9.8,4398876,10204082,50000
"Frozen Free Fall","Games","Puzzle;Action & Adventure",1574204,50000000,50593,1606939,9.8,163973,5102041,50000
"Frozen Free Fall","Games","Puzzle;Action & Adventure",1574546,50000000,50593,1606590,9.8,163938,5102041,50000
"ZARA","Shopping","Lifestyle",95905,10000000,2731,284761,9.8,29057,1020408,50000
"Regal Cinemas","Entertainment","Entertainment",32732,1000000,13257,405016,9.8,41328,102041,50000
"Afterlight","Photo & Video","Photography",50893,1000000,14057,276207,9.8,28184,102041,50000
"Angry Birds Star Wars","Games","Arcade",1218055,100000000,34138,2802665,9.8,285986,10204082,50000
"PewDiePie's Tuber Simulator","Games","Casual",1499466,10000000,90851,605889,10.8,56101,925926,49815
"Netflix","Entertainment","Entertainment",5456599,100000000,308844,5660009,8.9,635956,11235955,49663
"iFunny :)","Entertainment","Entertainment",503757,10000000,98344,1952211,8.9,219350,1123596,49663
"Google Translate","Reference","Tools",5745093,500000000,26786,2331207,8.9,261933,56179775,49663
"Google Translate","Reference","Tools",5741684,500000000,26786,2332591,8.9,262089,56179775,49663
"Fitbit","Health & Fitness","Health & Fitness",357417,10000000,90496,2531944,8.9,284488,1123596,49663
"Dropbox","Productivity","Productivity",1861310,500000000,49578,13318039,8.9,1496409,56179775,49663
"Dropbox","Productivity","Productivity",1861309,500000000,49578,13318047,8.9,1496410,56179775,49663
"Dropbox","Productivity","Productivity",1860844,500000000,49578,13321375,8.9,1496784,56179775,49663
"Boomerang from Instagram","Photo & Video","Photography",928720,50000000,2373,127756,8.9,14355,5617978,49663
"VSCO","Photo & Video","Photography",753115,50000000,11174,741852,8.9,83354,5617978,49663
"Speedtest by Ookla","Utilities","Tools",1028794,100000000,65016,6319633,8.9,710071,11235955,49663
"slither.io","Games","Action",5235294,100000000,107817,2059426,8.9,231396,11235955,49663
"slither.io","Games","Action",5234825,100000000,107817,2059610,8.9,231417,11235955,49663
"slither.io","Games","Action",5234810,100000000,107817,2059616,8.9,231418,11235955,49663
"slither.io","Games","Action",5234162,100000000,107817,2059871,8.9,231446,11235955,49663
"slither.io","Games","Action",5231553,100000000,107817,2060899,8.9,231562,11235955,49663
"Netflix","Entertainment","Entertainment",5456708,100000000,308844,5659896,8.9,635943,11235955,49663
"Netflix","Entertainment","Entertainment",5456208,100000000,308844,5660415,8.9,636002,11235955,49663
"Netflix","Entertainment","Entertainment",5453997,100000000,308844,5662709,8.9,636259,11235955,49663
"NBA","Sports","Sports",108318,10000000,43682,4032755,8.9,453119,1123596,49663
"Angry Birds Rio","Games","Arcade",2610622,100000000,170843,6544149,9.9,661025,10101010,49495
"Angry Birds Rio","Games","Arcade",2610680,100000000,170843,6544004,9.9,661011,10101010,49495
"Bad Piggies HD","Games","Puzzle",764967,10000000,19018,248612,9.9,25112,1010101,49495
"Bejeweled Classic","Games","Casual",203101,5000000,183259,4511524,9.9,455709,505051,49495
"Bleacher Report: Sports news, scores, & highlights","Sports","Sports",122280,5000000,16979,694267,9.9,70128,505051,49495
"Bleacher Report: Sports news, scores, & highlights","Sports","Sports",122282,5000000,16979,694256,9.9,70127,505051,49495
"Bleacher Report: Sports news, scores, & highlights","Sports","Sports",122283,5000000,16979,694250,9.9,70126,505051,49495
"Call of Duty®: Heroes","Games","Action",1604146,10000000,179416,1118452,9.9,112975,1010101,49495
"Candy Crush Saga","Games","Casual",22419455,500000000,961794,21449986,9.9,2166665,50505051,49495
"Candy Crush Saga","Games","Casual",22426677,500000000,961794,21443079,9.9,2165968,50505051,49495
"Candy Crush Saga","Games","Casual",22428456,500000000,961794,21441378,9.9,2165796,50505051,49495
"Candy Crush Saga","Games","Casual",22429716,500000000,961794,21440173,9.9,2165674,50505051,49495
"Candy Crush Saga","Games","Casual",22430188,500000000,961794,21439722,9.9,2165628,50505051,49495
"Candy Crush Soda Saga","Games","Casual",6198563,100000000,133394,2152015,9.9,217375,10101010,49495
"Candy Crush Soda Saga","Games","Casual",6198880,100000000,133394,2151905,9.9,217364,10101010,49495
"Candy Crush Soda Saga","Games","Casual",6199095,100000000,133394,2151830,9.9,217357,10101010,49495
"ClassDojo","Education","Education;Education",148536,10000000,35440,2385954,9.9,241005,1010101,49495
"ClassDojo","Education","Education;Education",148549,10000000,35440,2385745,9.9,240984,1010101,49495
"ClassDojo","Education","Education;Education",148550,10000000,35440,2385729,9.9,240983,1010101,49495
"Deer Hunter Classic","Games","Action",3941129,50000000,179111,2272331,9.9,229528,5050505,49495
"Design Home","Games","Simulation",539931,10000000,23298,431500,9.9,43586,1010101,49495
"Farm Heroes Saga","Games","Casual",7614130,100000000,187579,2463564,9.9,248845,10101010,49495
"Farm Heroes Saga","Games","Casual",7614271,100000000,187579,2463519,9.9,248840,10101010,49495
"Farm Heroes Saga","Games","Casual",7614407,100000000,187579,2463475,9.9,248836,10101010,49495
"Farm Heroes Saga","Games","Casual",7614415,100000000,187579,2463472,9.9,248836,10101010,49495
"Farm Heroes Saga","Games","Casual",7615646,100000000,187579,2463074,9.9,248795,10101010,49495
"Gear.Club - True Racing","Games","Racing",140658,1000000,2793,19857,9.9,2006,101010,49495
"Hill Climb Racing","Games","Racing",8921451,100000000,108183,1212617,9.9,122487,10101010,49495
"Hill Climb Racing","Games","Racing",8923587,100000000,108183,1212326,9.9,122457,10101010,49495
"Hill Climb Racing","Games","Racing",8923818,100000000,108183,1212295,9.9,122454,10101010,49495
"Hill Climb Racing","Games","Racing",8923847,100000000,108183,1212291,9.9,122454,10101010,49495
"Injustice: Gods Among Us","Games","Action",2440877,10000000,612532,2509475,9.9,253482,1010101,49495
"Inside Out Thought Bubbles","Games","Puzzle;Brain Games",623398,10000000,21881,350996,9.9,35454,1010101,49495
"Jetpack Joyride","Games","Arcade",4637439,100000000,405647,8747220,9.9,883558,10101010,49495
"Jetpack Joyride","Games","Arcade",4638163,100000000,405647,8745855,9.9,883420,10101010,49495
"Microsoft OneNote","Productivity","Productivity",480638,100000000,39638,8246955,9.9,833026,10101010,49495
"Microsoft OneNote","Productivity","Productivity",480640,100000000,39638,8246921,9.9,833022,10101010,49495
"Microsoft OneNote","Productivity","Productivity",480643,100000000,39638,8246869,9.9,833017,10101010,49495
"Mobile Legends: Bang bang","Games","Action",8219586,100000000,11602,141151,9.9,14258,10101010,49495
"MORTAL KOMBAT X","Games","Action",3039889,10000000,114475,376576,9.9,38038,1010101,49495
"Need for Speed™ No Limits","Games","Racing",3344300,50000000,34998,523249,9.9,52853,5050505,49495
"PES CLUB MANAGER","Games","Sports",783025,10000000,3216,41071,9.9,4149,1010101,49495
"Photo Editor by Aviary","Photo & Video","Photography",1490722,50000000,39501,1324895,9.9,133828,5050505,49495
"Photo Editor by Aviary","Photo & Video","Photography",1490732,50000000,39501,1324886,9.9,133827,5050505,49495
"Plants vs. Zombies™ 2","Games","Casual",567632,10000000,267394,4710693,9.9,475828,1010101,49495
"Plants vs. Zombies™ Heroes","Games","Casual;Action & Adventure",379245,10000000,16305,429933,9.9,43428,1010101,49495
"Plants vs. Zombies™ Heroes","Games","Casual;Action & Adventure",379415,10000000,16305,429741,9.9,43408,1010101,49495
"Red Ball 4","Games","Arcade",1432447,50000000,9818,342700,9.9,34616,5050505,49495
"Solitaire","Games","Card;Brain Games",685,100000,679055,99132117,9.9,10013345,10101,49495
"Swamp Attack","Games","Action",2119218,50000000,16968,400336,9.9,40438,5050505,49495
"Swamp Attack","Games","Action",2119235,50000000,16968,400333,9.9,40438,5050505,49495
"Talking Tom Bubble Shooter","Games","Casual",687136,50000000,2659,193484,9.9,19544,5050505,49495
"The CW","Entertainment","Entertainment",288150,5000000,97368,1689537,9.9,170660,505051,49495
"The CW","Entertainment","Entertainment",288209,5000000,97368,1689191,9.9,170625,505051,49495
"WhatsApp Messenger","Social Networking","Communication",69109672,1000000000,287589,4161342,9.9,420338,101010101,49495
"WhatsApp Messenger","Social Networking","Communication",69119316,1000000000,287589,4160762,9.9,420279,101010101,49495
"Yahoo Weather","Weather","Weather",1312037,10000000,112603,858230,9.9,86690,1010101,49495
"Zombie Tsunami","Games","Arcade",4918776,100000000,31311,636561,9.9,64299,10101010,49495
"Zombie Tsunami","Games","Arcade",4920817,100000000,31311,636297,9.9,64272,10101010,49495
"Zombie Tsunami","Games","Arcade",4921122,100000000,31311,636257,9.9,64268,10101010,49495
"Zombie Tsunami","Games","Arcade",4921409,100000000,31311,636220,9.9,64265,10101010,49495
"Zombie Tsunami","Games","Arcade",4921451,100000000,31311,636215,9.9,64264,10101010,49495
"Angry Birds Rio","Games","Arcade",2610526,100000000,170843,6544390,9.9,661049,10101010,49495
"Angry Birds Rio","Games","Arcade",2610328,100000000,170843,6544886,9.9,661100,10101010,49495
"Adobe Illustrator Draw","Productivity","Photography",65766,5000000,3215,244427,9.9,24690,505051,49495
"Allrecipes Dinner Spinner","Food & Drink","Food & Drink",61881,5000000,109349,8835426,9.0,981714,555556,49111
"Does not Commute","Games","Racing",154108,5000000,5645,183151,9.0,20350,555556,49111
"Hangouts","Social Networking","Communication",3419249,1000000000,36404,10646782,9.0,1182976,111111111,49111
"Hangouts","Social Networking","Communication",3419433,1000000000,36404,10646209,9.0,1182912,111111111,49111
"Hangouts","Social Networking","Communication",3419464,1000000000,36404,10646113,9.0,1182901,111111111,49111
"Hangouts","Social Networking","Communication",3419513,1000000000,36404,10645960,9.0,1182884,111111111,49111
"RISK: Global Domination","Games","Board;Action & Adventure",68559,5000000,5217,380475,9.0,42275,555556,49111
"ROBLOX","Games","Adventure;Action & Adventure",4443407,100000000,183621,4132437,10.0,413244,10000000,49000
"Angry Birds Epic RPG","Games","Role Playing",2634605,10000000,84680,321414,10.0,32141,1000000,49000
"Army of Heroes","Games","Strategy",85015,1000000,1235,14527,10.0,1453,100000,49000
"Asphalt 8: Airborne","Games","Racing",8389714,100000000,188568,2247609,10.0,224761,10000000,49000
"Boom Beach","Games","Strategy",5591653,50000000,241929,2163305,10.0,216331,5000000,49000
"Bullet Force","Games","Action",634159,10000000,9289,146477,10.0,14648,1000000,49000
"Cooking Fever","Games","Arcade",3197865,100000000,107797,3370905,10.0,337091,10000000,49000
"Cooking Fever","Games","Arcade",3198176,100000000,107797,3370577,10.0,337058,10000000,49000
"Discord - Chat for Gamers","Social Networking","Communication",305347,10000000,9152,299725,10.0,29973,1000000,49000
"Disney Crossy Road","Games","Arcade;Action & Adventure",514088,10000000,38571,750280,10.0,75028,1000000,49000
"DoorDash - Food Delivery","Food & Drink","Food & Drink",104504,1000000,25947,248287,10.0,24829,100000,49000
"Dude Perfect 2","Games","Action",401425,10000000,28361,706508,10.0,70651,1000000,49000
"Dude Perfect 2","Games","Action",401648,10000000,28361,706116,10.0,70612,1000000,49000
"GroupMe","Social Networking","Communication",330761,10000000,28260,854393,10.0,85439,1000000,49000
"Hay Day","Games","Casual",10053186,100000000,567344,5643425,10.0,564343,10000000,49000
"Hot Wheels: Race Off","Games","Racing;Action & Adventure",520609,10000000,3141,60333,10.0,6033,1000000,49000
"Hot Wheels: Race Off","Games","Racing;Action & Adventure",520654,10000000,3141,60328,10.0,6033,1000000,49000
"Hungry Shark Evolution","Games","Arcade",6071542,100000000,83784,1379946,10.0,137995,10000000,49000
"Hungry Shark Evolution","Games","Arcade",6074334,100000000,83784,1379312,10.0,137931,10000000,49000
"Hungry Shark Evolution","Games","Arcade",6074627,100000000,83784,1379245,10.0,137925,10000000,49000
"Hungry Shark World","Games","Action",1242855,50000000,24057,967812,10.0,96781,5000000,49000
"Hungry Shark World","Games","Action",1243017,50000000,24057,967686,10.0,96769,5000000,49000
"Instagram","Photo & Video","Social",66509917,1000000000,2161558,32499785,10.0,3249979,100000000,49000
"Instagram","Photo & Video","Social",66577313,1000000000,2161558,32466886,10.0,3246689,100000000,49000
"Instagram","Photo & Video","Social",66577446,1000000000,2161558,32466821,10.0,3246682,100000000,49000
"Microsoft Excel","Productivity","Productivity",1079491,100000000,24430,2263104,10.0,226310,10000000,49000
"Microsoft Excel","Productivity","Productivity",1079616,100000000,24430,2262842,10.0,226284,10000000,49000
"Microsoft Word","Productivity","Productivity",2078744,500000000,47999,11545193,10.0,1154519,50000000,49000
"Microsoft Word","Productivity","Productivity",2084125,500000000,47999,11515384,10.0,1151538,50000000,49000
"Microsoft Word","Productivity","Productivity",2084126,500000000,47999,11515379,10.0,1151538,50000000,49000
"My Horse","Games","Casual",1333338,10000000,293857,2203920,10.0,220392,1000000,49000
"My Talking Angela","Games","Casual",9876369,100000000,54549,552318,10.0,55232,10000000,49000
"My Talking Angela","Games","Casual",9881829,100000000,54549,552013,10.0,55201,10000000,49000
"My Talking Angela","Games","Casual",9881908,100000000,54549,552009,10.0,55201,10000000,49000
"My Talking Angela","Games","Casual",9883367,100000000,54549,551927,10.0,55193,10000000,49000
"My Talking Tom","Games","Casual",14885236,500000000,123859,4160465,10.0,416047,50000000,49000
"My Talking Tom","Games","Casual",14891223,500000000,123859,4158792,10.0,415879,50000000,49000
"My Talking Tom","Games","Casual",14892469,500000000,123859,4158444,10.0,415844,50000000,49000
"Nyan Cat: Lost In Space","Games","Arcade",371318,10000000,76392,2057320,10.0,205732,1000000,49000
"OK K.O.! Lakewood Plaza Turbo","Games","Action;Action & Adventure",76608,1000000,430,5613,10.0,561,100000,49000
"PicsArt Photo Studio: Collage Maker & Pic Editor","Photo & Video","Photography",7590099,100000000,29078,383104,10.0,38310,10000000,49000
"PicsArt Photo Studio: Collage Maker & Pic Editor","Photo & Video","Photography",7594559,100000000,29078,382879,10.0,38288,10000000,49000
"Real Basketball","Games","Sports",1605267,10000000,198050,1233751,10.0,123375,1000000,49000
"Real Racing 3","Games","Racing;Action & Adventure",354384,10000000,164483,4641378,10.0,464138,1000000,49000
"Real Racing 3","Games","Racing;Action & Adventure",354454,10000000,164483,4640461,10.0,464046,1000000,49000
"ROBLOX","Games","Adventure;Action & Adventure",4447346,100000000,183621,4128777,10.0,412878,10000000,49000
"ROBLOX","Games","Adventure;Action & Adventure",4447388,100000000,183621,4128738,10.0,412874,10000000,49000
"ROBLOX","Games","Adventure;Action & Adventure",4448791,100000000,183621,4127436,10.0,412744,10000000,49000
"ROBLOX","Games","Adventure;Action & Adventure",4449882,100000000,183621,4126424,10.0,412642,10000000,49000
"ROBLOX","Games","Adventure;Action & Adventure",4449910,100000000,183621,4126398,10.0,412640,10000000,49000
"ROBLOX","Games","Adventure;Action & Adventure",4450855,100000000,183621,4125522,10.0,412552,10000000,49000
"ROBLOX","Games","Adventure;Action & Adventure",4450890,100000000,183621,4125490,10.0,412549,10000000,49000
"Rolling Sky","Games","Board",1117212,50000000,30670,1372613,10.0,137261,5000000,49000
"Seven - 7 Minute Workout Training Challenge","Health & Fitness","Health & Fitness",75571,1000000,6808,90087,10.0,9009,100000,49000
"SimCity BuildIt","Games","Simulation",4218587,50000000,198338,2350763,10.0,235076,5000000,49000
"Smash Hit","Games","Arcade",4147718,100000000,126233,3043433,10.0,304343,10000000,49000
"Sonic Dash","Games","Arcade",3777822,100000000,418033,11065450,10.0,1106545,10000000,49000
"Sonic Dash","Games","Arcade",3778921,100000000,418033,11062232,10.0,1106223,10000000,49000
"Star Wars™: Galaxy of Heroes","Games","Role Playing",1461698,10000000,122260,836424,10.0,83642,1000000,49000
"Starbucks","Food & Drink","Food & Drink",455377,10000000,303856,6672625,10.0,667263,1000000,49000
"Starbucks","Food & Drink","Food & Drink",455496,10000000,303856,6670882,10.0,667088,1000000,49000
"Subway Surfers","Games","Arcade",27711703,1000000000,706110,25480570,10.0,2548057,100000000,49000
"Subway Surfers","Games","Arcade",27722264,1000000000,706110,25470863,10.0,2547086,100000000,49000
"Subway Surfers","Games","Arcade",27723193,1000000000,706110,25470010,10.0,2547001,100000000,49000
"Subway Surfers","Games","Arcade",27724094,1000000000,706110,25469182,10.0,2546918,100000000,49000
"Subway Surfers","Games","Arcade",27725352,1000000000,706110,25468027,10.0,2546803,100000000,49000
"The Washington Post Classic","News","News & Magazines",23158,1000000,18572,801969,10.0,80197,100000,49000
"Traffic Racer","Games","Racing",5387639,100000000,22458,416843,10.0,41684,10000000,49000
"Traffic Racer","Games","Racing",5387781,100000000,22458,416832,10.0,41683,10000000,49000
"Transformers: Earth Wars","Games","Strategy",256219,10000000,13664,533294,10.0,53329,1000000,49000
"Trello","Productivity","Productivity",72513,5000000,2793,192586,10.0,19259,500000,49000
"Trivia Crack","Games","Trivia",6427773,100000000,393469,6121389,10.0,612139,10000000,49000
"Wish - Shopping Made Fun","Shopping","Shopping",6200739,100000000,141960,2289405,10.0,228941,10000000,49000
"Wish - Shopping Made Fun","Shopping","Shopping",6210998,100000000,141960,2285623,10.0,228562,10000000,49000
"Wish - Shopping Made Fun","Shopping","Shopping",6211039,100000000,141960,2285608,10.0,228561,10000000,49000
"Wish - Shopping Made Fun","Shopping","Shopping",6212081,100000000,141960,2285225,10.0,228523,10000000,49000
"YouTube Kids","Entertainment","Entertainment;Music & Video",469851,50000000,28560,3039261,10.0,303926,5000000,49000
"YouTube Kids","Entertainment","Entertainment;Music & Video",470089,50000000,28560,3037723,10.0,303772,5000000,49000
"YouTube Kids","Entertainment","Entertainment;Music & Video",470694,50000000,28560,3033818,10.0,303382,5000000,49000
"YouTube Kids","Entertainment","Entertainment;Music & Video",470713,50000000,28560,3033696,10.0,303370,5000000,49000
"PlayKids - Educational Cartoons and Games for Kids","Education","Entertainment;Music & Video",182103,10000000,2196,120591,9.1,13252,1098901,48571
"PlayKids - Educational Cartoons and Games for Kids","Education","Entertainment;Music & Video",182173,10000000,2196,120545,9.1,13247,1098901,48571
"TED","Education","Education",181893,10000000,5782,317879,9.1,34932,1098901,48571
"TED","Education","Education",181961,10000000,5782,317760,9.1,34919,1098901,48571
"Tom's Love Letters","Entertainment","Entertainment",705805,50000000,27711,1963078,9.1,215723,5494505,48571
"Tom Loves Angela","Entertainment","Entertainment",1111915,100000000,1151,103515,9.1,11375,10989011,48571
"UNO ™ & Friends","Games","Card",1728557,50000000,68911,1993310,9.1,219045,5494505,48571
"WatchESPN","Sports","Sports",288809,10000000,159735,5530818,9.1,607782,1098901,48571
"Cartoon Wars 3","Games","Role Playing",137674,5000000,979,35555,9.1,3907,549451,48571
"diep.io","Games","Action",347883,10000000,9397,270120,9.1,29684,1098901,48571
"DRAGON BALL Z DOKKAN BATTLE","Games","Action",650114,10000000,5362,82478,9.1,9064,1098901,48571
"LEGO® Juniors Create & Cruise","Games","Educational;Action & Adventure",672089,50000000,6152,457677,9.1,50294,5494505,48571
"LEGO® Juniors Create & Cruise","Games","Educational;Action & Adventure",673203,50000000,6152,456920,9.1,50211,5494505,48571
"My Little Pony: Harmony Quest","Entertainment","Casual;Action & Adventure",148295,10000000,2265,152736,9.1,16784,1098901,48571
"My Little Pony: Harmony Quest","Entertainment","Casual;Action & Adventure",148405,10000000,2265,152623,9.1,16772,1098901,48571
"Peggle Blast","Games","Card",166251,5000000,11528,346705,9.1,38099,549451,48571
"Chase Mobile","Finance","Finance",1374549,10000000,34322,249696,10.1,24722,990099,48515
"Choices: Stories You Play","Games","Simulation",807155,10000000,33698,417491,10.1,41336,990099,48515
"Choices: Stories You Play","Games","Simulation",807338,10000000,33698,417396,10.1,41326,990099,48515
"Clash of Clans","Games","Strategy",44881447,100000000,2130805,4747630,10.1,470062,9900990,48515
"Clash of Clans","Games","Strategy",44891723,100000000,2130805,4746543,10.1,469955,9900990,48515
"Clash of Clans","Games","Strategy",44893888,100000000,2130805,4746314,10.1,469932,9900990,48515
"Clash Royale","Games","Strategy",23125280,100000000,266921,1154239,10.1,114281,9900990,48515
"Clash Royale","Games","Strategy",23133508,100000000,266921,1153828,10.1,114240,9900990,48515
"Angry Birds Blast","Games","Puzzle",253115,10000000,24878,982873,10.1,97314,990099,48515
"Clash Royale","Games","Strategy",23134775,100000000,266921,1153765,10.1,114234,9900990,48515
"Clash Royale","Games","Strategy",23136735,100000000,266921,1153668,10.1,114225,9900990,48515
"Fallout Shelter","Games","Simulation",2719142,10000000,199396,733305,10.1,72604,990099,48515
"Fallout Shelter","Games","Simulation",2721923,10000000,199396,732556,10.1,72530,990099,48515
"FINAL FANTASY BRAVE EXVIUS","Games","Role Playing",745684,5000000,28187,189001,10.1,18713,495050,48515
"Fishdom","Games","Puzzle",2157930,10000000,39217,181734,10.1,17993,990099,48515
"Fishdom","Games","Puzzle",2158580,10000000,39217,181680,10.1,17988,990099,48515
"Fuel Rewards® program","Shopping","Lifestyle",32433,1000000,2249,69343,10.1,6866,99010,48515
"Geometry Dash World","Games","Arcade",759838,10000000,5114,67304,10.1,6664,990099,48515
"Geometry Dash Meltdown","Games","Arcade",1591129,50000000,117470,3691404,10.1,365486,4950495,48515
"Geometry Dash World","Games","Arcade",760628,10000000,5114,67234,10.1,6657,990099,48515
"Hill Climb Racing 2","Games","Racing",2750410,100000000,33854,1230871,10.1,121868,9900990,48515
"Hill Climb Racing 2","Games","Racing",2750645,100000000,33854,1230766,10.1,121858,9900990,48515
"Hitman Sniper","Games","Action",408292,10000000,8452,207009,10.1,20496,990099,48515
"MARVEL Future Fight","Games","Role Playing",2354042,50000000,20906,444045,10.1,43965,4950495,48515
"Pinterest","Social Networking","Social",4300936,100000000,1061624,24683557,10.1,2443917,9900990,48515
"War Robots","Games","Action",3073251,50000000,97122,1580118,10.1,156447,4950495,48515
"Township","Games","Casual",4451317,50000000,80801,907608,10.1,89862,4950495,48515
"Shadow Fight 2","Games","Action",10981850,100000000,99206,903363,10.1,89442,9900990,48515
"Shadow Fight 2","Games","Action",10979062,100000000,99206,903593,10.1,89465,9900990,48515
"Score! Hero","Games","Sports",5419676,100000000,85395,1575648,10.1,156005,9900990,48515
"Score! Hero","Games","Sports",5418675,100000000,85395,1575939,10.1,156034,9900990,48515
"Pinterest","Social Networking","Social",4305441,100000000,1061624,24657730,10.1,2441359,9900990,48515
"Animal Jam - Play Wild!","Games","Casual;Pretend Play",361734,5000000,26990,373064,10.1,36937,495050,48515
"Animal Jam - Play Wild!","Games","Casual;Pretend Play",361970,5000000,26990,372821,10.1,36913,495050,48515
"Angry Birds Friends","Games","Arcade",829753,50000000,23655,1425424,9.2,154937,5434783,48043
"Amazon Prime Video","Entertainment","Entertainment",411683,50000000,43667,5303474,9.2,576465,5434783,48043
"Angry Birds Go!","Games","Racing",3846378,50000000,75793,985252,9.2,107093,5434783,48043
"Bejeweled Blitz","Games","Puzzle",222664,10000000,221002,9925358,9.2,1078843,1086957,48043
"Driving Zone","Games","Racing",51791,1000000,298,5754,9.2,625,108696,48043
"Dumb Ways to Die 2: The Games","Games","Casual",1671658,50000000,11295,337838,9.2,36722,5434783,48043
"Google Classroom","Education","Education",69493,10000000,5942,855050,9.2,92940,1086957,48043
"Google Classroom","Education","Education",69498,10000000,5942,854989,9.2,92934,1086957,48043
"Google Slides","Productivity","Productivity",244567,100000000,9920,4056148,9.2,440886,10869565,48043
"Google Street View","Travel","Travel & Local",2129689,1000000000,1450,680851,9.2,74006,108695652,48043
"Google Street View","Travel","Travel & Local",2129707,1000000000,1450,680845,9.2,74005,108695652,48043
"King of Avalon: Dragon Warfare","Games","Strategy",306652,10000000,3326,108462,9.2,11789,1086957,48043
"MARVEL Avengers Academy","Games","Adventure",304106,10000000,17376,571380,9.2,62107,1086957,48043
"NASCAR MOBILE","Sports","Sports",80900,1000000,16385,202534,9.2,22015,108696,48043
"Zombie Catchers","Games","Action",990723,10000000,16805,169624,10.2,16630,980392,48039
"Toy Blast","Games","Puzzle",1889582,50000000,75822,2006317,10.2,196698,4901961,48039
"Zombie Catchers","Games","Action",989158,10000000,16805,169892,10.2,16656,980392,48039
"Zombie Catchers","Games","Action",990491,10000000,16805,169663,10.2,16634,980392,48039
"Zombie Catchers","Games","Action",990586,10000000,16805,169647,10.2,16632,980392,48039
"Toy Blast","Games","Puzzle",1889250,50000000,75822,2006669,10.2,196732,4901961,48039
"Bible","Reference","Books & Reference",2440695,100000000,985920,40395051,10.2,3960299,9803922,48039
"Narcos: Cartel Wars","Games","Strategy",244797,5000000,4490,91709,10.2,8991,490196,48039
"Solitaire","Games","Card",154264,10000000,679055,44019019,10.2,4315590,980392,48039
"Zombie Catchers","Games","Action",990663,10000000,16805,169634,10.2,16631,980392,48039
"Solitaire","Games","Card",254258,10000000,679055,26707321,10.2,2618365,980392,48039
"Zombie Catchers","Games","Action",990796,10000000,16805,169611,10.2,16629,980392,48039
"Fernanfloo","Games","Arcade",526595,10000000,2886,54805,10.3,5321,970874,47573
"Puffin Web Browser","Utilities","Communication",541389,10000000,11677,215686,9.3,23192,1075269,47527
"Kik","Social Networking","Communication",2451136,100000000,260965,10646696,9.3,1144806,10752688,47527
"Fit The Fat 2","Games","Sports",35746,5000000,8557,1196917,9.3,128701,537634,47527
"Indeed Job Search","Business","Business",674730,50000000,38681,2866406,9.3,308216,5376344,47527
"ADP Mobile Solutions","Business","Business",85185,5000000,8324,488584,9.3,52536,537634,47527
"Amex Mobile","Finance","Finance",24729,1000000,11421,461846,9.3,49661,107527,47527
"Bike Unchained","Games","Sports",83545,5000000,629,37644,9.3,4048,537634,47527
"Candy Crush Jelly Saga","Games","Puzzle",1300490,50000000,32395,1245492,9.3,133924,5376344,47527
"Candy Crush Jelly Saga","Games","Puzzle",1300619,50000000,32395,1245369,9.3,133911,5376344,47527
"WEB.DE Mail","Productivity","Communication",226541,10000000,168,7416,9.3,797,1075269,47527
"The Simpsons™: Tapped Out","Games","Casual",636995,10000000,274501,4309312,9.3,463367,1075269,47527
"T-Mobile","Productivity","Tools",482630,10000000,19977,413920,9.3,44508,1075269,47527
"SONIC Drive-In","Food & Drink","Food & Drink",19373,1000000,1645,84912,9.3,9130,107527,47527
"SONIC Drive-In","Food & Drink","Food & Drink",19314,1000000,1645,85171,9.3,9158,107527,47527
"Shopkins World!","Games","Arcade;Action & Adventure",169609,10000000,3047,179648,9.3,19317,1075269,47527
"Puffin Web Browser","Utilities","Communication",541661,10000000,11677,215578,9.3,23180,1075269,47527
"Airbnb","Travel","Travel & Local",359403,10000000,22302,620529,9.4,66014,1063830,47021
"Tumblr","Social Networking","Social",2955326,100000000,334293,11311544,9.4,1203356,10638298,47021
"Tumblr","Social Networking","Social",2955325,100000000,334293,11311548,9.4,1203356,10638298,47021
"Tumblr","Social Networking","Social",2953886,100000000,334293,11317058,9.4,1203942,10638298,47021
"NBA LIVE Mobile Basketball","Games","Sports",1690802,50000000,40619,1201176,9.4,127785,5319149,47021
"Firefox Focus: The privacy browser","Utilities","Communication",36981,1000000,477,12899,9.4,1372,106383,47021
"Firefox Focus: The privacy browser","Utilities","Communication",36893,1000000,477,12929,9.4,1375,106383,47021
"Firefox Focus: The privacy browser","Utilities","Communication",36880,1000000,477,12934,9.4,1376,106383,47021
"Crazy Freekick","Games","Sports",47688,5000000,228,23905,9.4,2543,531915,47021
"Best Buy","Shopping","Shopping",186116,5000000,80424,2160588,9.4,229850,531915,47021
"Airbnb","Travel","Travel & Local",359560,10000000,22302,620258,9.4,65985,1063830,47021
"Mobile Strike","Games","Strategy",903392,50000000,24935,1380076,8.4,164295,5952381,46905
